{
  "drive": {
    "p": 0.0005,
    "i": 0,
    "d": 0,
    "f": 0.000156,
    "iz": 0
  },
  "angle": {
    "p": 0.0006,
    "i": 0,
    "d": 0,
    "f": 0.000156,
    "iz": 0
  }
}